unit,cycles_count,cycle_length,first_s1,first_s2,first_s3,first_s4,first_s5,first_s6,first_s7,first_s8,first_s9,first_s10,first_s11,first_s12,first_s13,first_s14,first_s15,first_s16,first_s17,first_s18,first_s19,first_s20,first_s21,last_s1,last_s2,last_s3,last_s4,last_s5,last_s6,last_s7,last_s8,last_s9,last_s10,last_s11,last_s12,last_s13,last_s14,last_s15,last_s16,last_s17,last_s18,last_s19,last_s20,last_s21
1,192,192,518.67,641.82,1589.7,1400.6,14.62,21.61,554.36,2388.06,9046.19,1.3,47.47,521.66,2388.02,8138.62,8.4195,0.03,392.0,2388.0,100.0,39.06,23.419,518.67,643.54,1601.41,1427.2,14.62,21.61,551.25,2388.32,9033.22,1.3,48.25,520.08,2388.32,8110.93,8.5113,0.03,396.0,2388.0,100.0,38.48,22.9649
2,287,287,518.67,641.89,1583.84,1391.28,14.62,21.6,554.53,2388.01,9054.72,1.3,46.93,522.33,2388.06,8137.72,8.3905,0.03,391.0,2388.0,100.0,38.94,23.4585,518.67,643.85,1608.5,1430.84,14.62,21.61,551.66,2388.2,9109.36,1.3,48.12,519.81,2388.21,8175.57,8.5365,0.03,398.0,2388.0,100.0,38.43,23.0848
3,179,179,518.67,642.04,1584.2,1398.13,14.62,21.61,553.96,2388.06,9056.95,1.3,47.14,522.24,2388.0,8138.4,8.4207,0.03,391.0,2388.0,100.0,38.96,23.3205,518.67,643.51,1604.8,1428.23,14.62,21.61,551.91,2388.14,9197.52,1.3,48.09,519.53,2388.2,8255.34,8.5056,0.03,398.0,2388.0,100.0,38.4,22.9562
4,189,189,518.67,642.6,1585.4,1402.85,14.62,21.61,553.97,2388.06,9051.1,1.3,47.29,521.94,2388.07,8131.5,8.42,0.03,393.0,2388.0,100.0,39.04,23.3814,518.67,644.53,1612.11,1432.55,14.62,21.61,551.93,2388.13,9198.32,1.3,48.15,519.84,2388.16,8259.42,8.5246,0.03,398.0,2388.0,100.0,38.44,23.1006
5,269,269,518.67,641.77,1583.59,1395.26,14.62,21.61,554.39,2387.98,9066.49,1.3,47.19,522.34,2388.0,8152.22,8.4102,0.03,393.0,2388.0,100.0,38.98,23.4468,518.67,643.46,1597.28,1430.74,14.62,21.61,550.77,2388.18,9157.05,1.3,48.26,519.86,2388.16,8212.75,8.5209,0.03,397.0,2388.0,100.0,38.45,23.0296
6,188,188,518.67,642.73,1584.4,1412.34,14.62,21.61,552.99,2388.12,9037.26,1.3,47.56,521.69,2388.12,8116.86,8.4286,0.03,394.0,2388.0,100.0,38.94,23.3086,518.67,643.47,1600.63,1434.92,14.62,21.61,550.7,2388.34,9027.96,1.3,48.21,518.98,2388.34,8102.82,8.5358,0.03,397.0,2388.0,100.0,38.42,22.9577
7,259,259,518.67,642.38,1589.49,1395.48,14.62,21.61,554.76,2387.97,9071.27,1.3,47.24,522.19,2387.99,8141.69,8.4081,0.03,390.0,2388.0,100.0,38.97,23.4073,518.67,644.15,1599.33,1435.04,14.62,21.61,551.97,2388.19,9075.94,1.3,47.97,519.1,2388.24,8145.75,8.5162,0.03,396.0,2388.0,100.0,38.46,23.0596
8,150,150,518.67,643.18,1585.17,1409.75,14.62,21.61,552.31,2388.12,9048.66,1.3,47.3,521.23,2388.13,8123.47,8.4808,0.03,393.0,2388.0,100.0,38.9,23.3468,518.67,643.87,1602.84,1432.31,14.62,21.61,551.08,2388.27,9046.16,1.3,48.24,519.57,2388.26,8121.27,8.5509,0.03,394.0,2388.0,100.0,38.24,23.051
9,201,201,518.67,642.18,1582.99,1396.22,14.62,21.61,554.35,2387.96,9065.59,1.3,47.09,522.34,2387.95,8149.16,8.402,0.03,391.0,2388.0,100.0,39.04,23.5349,518.67,644.04,1595.36,1428.43,14.62,21.61,552.3,2388.5,9239.76,1.3,48.11,520.28,2388.56,8289.63,8.5156,0.03,399.0,2388.0,100.0,38.45,23.0284
10,222,222,518.67,641.92,1587.93,1392.2,14.62,21.61,554.37,2388.0,9051.46,1.3,47.05,522.54,2388.01,8137.61,8.4039,0.03,391.0,2388.0,100.0,39.04,23.5309,518.67,643.66,1599.18,1436.29,14.62,21.61,552.7,2388.22,9115.44,1.3,48.09,520.02,2388.16,8183.55,8.5159,0.03,398.0,2388.0,100.0,38.51,23.1434
11,240,240,518.67,642.2,1585.65,1395.39,14.62,21.61,554.78,2388.05,9051.83,1.3,47.13,522.29,2387.97,8135.27,8.3935,0.03,392.0,2388.0,100.0,39.03,23.4919,518.67,643.52,1598.71,1432.38,14.62,21.61,552.03,2388.19,9155.67,1.3,48.19,519.94,2388.16,8218.2,8.5135,0.03,397.0,2388.0,100.0,38.28,23.0558
12,170,170,518.67,642.39,1586.1,1402.11,14.62,21.61,554.1,2388.06,9052.13,1.3,47.54,520.94,2388.09,8130.76,8.4214,0.03,394.0,2388.0,100.0,38.78,23.2348,518.67,643.31,1601.76,1434.94,14.62,21.61,551.1,2388.32,9050.4,1.3,48.08,519.55,2388.29,8122.87,8.5213,0.03,395.0,2388.0,100.0,38.64,23.0102
13,163,163,518.67,641.94,1594.32,1405.5,14.62,21.61,554.14,2388.07,9051.55,1.3,47.46,520.87,2388.11,8131.99,8.4393,0.03,392.0,2388.0,100.0,38.76,23.3793,518.67,644.26,1610.89,1430.32,14.62,21.61,550.99,2388.15,9153.32,1.3,48.22,519.76,2388.16,8211.76,8.5477,0.03,397.0,2388.0,100.0,38.53,23.1291
14,180,180,518.67,642.88,1587.54,1403.23,14.62,21.61,552.82,2388.09,9058.57,1.3,47.46,521.6,2388.09,8137.36,8.4549,0.03,392.0,2388.0,100.0,38.8,23.2687,518.67,643.49,1597.94,1427.6,14.62,21.61,551.29,2388.18,9129.74,1.3,48.32,520.56,2388.23,8196.18,8.5237,0.03,397.0,2388.0,100.0,38.36,22.9824
15,207,207,518.67,642.0,1576.75,1394.77,14.62,21.61,554.97,2388.02,9055.94,1.3,46.98,522.88,2388.0,8142.23,8.4102,0.03,391.0,2388.0,100.0,38.87,23.3903,518.67,643.65,1599.27,1433.72,14.62,21.61,551.59,2388.33,9039.93,1.3,48.3,519.67,2388.31,8122.39,8.5381,0.03,396.0,2388.0,100.0,38.43,23.0375
16,209,209,518.67,642.9,1583.42,1411.32,14.62,21.61,552.96,2388.11,9056.38,1.3,47.41,520.82,2388.11,8136.24,8.4573,0.03,392.0,2388.0,100.0,38.84,23.2792,518.67,643.61,1601.47,1429.68,14.62,21.61,551.17,2388.25,9060.94,1.3,48.28,519.44,2388.26,8132.25,8.5258,0.03,397.0,2388.0,100.0,38.35,23.1505
17,276,276,518.67,641.45,1587.52,1401.29,14.62,21.61,555.25,2388.03,9067.87,1.3,47.25,522.19,2387.98,8146.09,8.3859,0.03,392.0,2388.0,100.0,39.21,23.5279,518.67,643.97,1599.82,1432.46,14.62,21.61,551.51,2388.14,9172.75,1.3,48.06,520.22,2388.12,8238.26,8.5171,0.03,397.0,2388.0,100.0,38.5,23.0517
18,195,195,518.67,642.49,1582.95,1401.6,14.62,21.61,554.59,2387.95,9061.3,1.3,47.19,521.41,2387.99,8142.8,8.3861,0.03,393.0,2388.0,100.0,39.06,23.4234,518.67,643.93,1601.0,1428.08,14.62,21.61,551.43,2388.44,9224.53,1.3,48.01,519.44,2388.39,8282.5,8.5132,0.03,398.0,2388.0,100.0,38.5,23.0304
19,158,158,518.67,642.55,1589.99,1411.09,14.62,21.61,553.09,2388.17,9048.73,1.3,47.64,521.86,2388.07,8122.16,8.4148,0.03,392.0,2388.0,100.0,38.76,23.2468,518.67,643.34,1605.58,1433.97,14.62,21.61,550.84,2388.3,9051.89,1.3,48.23,519.22,2388.33,8117.14,8.5343,0.03,396.0,2388.0,100.0,38.28,22.9405
20,234,234,518.67,643.0,1589.87,1404.3,14.62,21.61,553.44,2388.1,9063.7,1.3,47.56,521.93,2388.02,8136.61,8.4498,0.03,391.0,2388.0,100.0,38.88,23.2767,518.67,643.86,1598.43,1430.93,14.62,21.61,551.74,2388.3,9070.66,1.3,48.15,519.73,2388.25,8143.3,8.5433,0.03,397.0,2388.0,100.0,38.57,22.9964
21,195,195,518.67,642.24,1582.88,1410.66,14.62,21.61,553.57,2388.07,9047.42,1.3,47.44,521.76,2388.06,8128.48,8.4181,0.03,395.0,2388.0,100.0,38.9,23.3554,518.67,643.87,1606.47,1432.84,14.62,21.61,551.79,2388.18,9161.51,1.3,48.04,520.26,2388.19,8224.87,8.5197,0.03,399.0,2388.0,100.0,38.44,22.986
22,202,202,518.67,642.68,1595.65,1408.51,14.62,21.61,553.04,2388.09,9048.21,1.3,47.46,521.07,2388.16,8127.45,8.4425,0.03,393.0,2388.0,100.0,38.96,23.3081,518.67,643.64,1609.56,1429.98,14.62,21.61,551.02,2388.3,9053.41,1.3,48.16,519.31,2388.3,8130.05,8.5361,0.03,398.0,2388.0,100.0,38.43,22.9965
23,168,168,518.67,641.98,1591.38,1408.8,14.62,21.61,553.33,2388.12,9049.85,1.3,47.54,521.78,2388.1,8131.29,8.4069,0.03,394.0,2388.0,100.0,38.79,23.2717,518.67,643.32,1604.16,1431.69,14.62,21.61,551.26,2388.26,9059.37,1.3,48.19,519.71,2388.36,8127.93,8.5169,0.03,397.0,2388.0,100.0,38.32,22.9071
24,147,147,518.67,642.17,1587.9,1403.12,14.62,21.61,554.0,2388.07,9066.64,1.3,47.1,522.08,2388.0,8146.09,8.403,0.03,391.0,2388.0,100.0,39.08,23.3594,518.67,643.79,1601.33,1430.87,14.62,21.61,550.78,2388.3,9043.96,1.3,48.19,519.3,2388.28,8119.58,8.5374,0.03,398.0,2388.0,100.0,38.58,23.0309
25,230,230,518.67,642.85,1586.83,1403.72,14.62,21.61,553.81,2388.1,9044.91,1.3,47.51,521.04,2388.15,8126.14,8.432,0.03,392.0,2388.0,100.0,38.98,23.4472,518.67,643.67,1608.49,1432.58,14.62,21.61,552.18,2388.14,9152.46,1.3,48.12,520.16,2388.19,8209.41,8.4974,0.03,398.0,2388.0,100.0,38.38,23.0349
26,199,199,518.67,642.5,1591.55,1411.43,14.62,21.61,552.93,2388.14,9041.19,1.3,47.56,521.53,2388.13,8126.96,8.4322,0.03,393.0,2388.0,100.0,38.82,23.3124,518.67,643.51,1599.25,1432.5,14.62,21.61,551.79,2388.19,9159.51,1.3,48.05,519.2,2388.2,8222.42,8.5347,0.03,398.0,2388.0,100.0,38.27,22.9867
27,156,156,518.67,642.41,1592.81,1403.33,14.62,21.61,554.08,2388.08,9053.27,1.3,47.61,521.21,2388.06,8144.58,8.4088,0.03,391.0,2388.0,100.0,38.74,23.3425,518.67,643.76,1606.45,1429.06,14.62,21.61,551.51,2388.17,9141.14,1.3,48.26,519.43,2388.15,8210.07,8.5259,0.03,397.0,2388.0,100.0,38.65,23.0772
28,165,165,518.67,642.14,1584.11,1392.44,14.62,21.61,554.84,2387.99,9068.32,1.3,47.14,522.67,2388.0,8145.82,8.3899,0.03,391.0,2388.0,100.0,39.18,23.3642,518.67,644.01,1600.61,1431.57,14.62,21.61,551.78,2388.19,9087.32,1.3,48.04,519.31,2388.2,8166.05,8.5311,0.03,396.0,2388.0,100.0,38.37,23.1508
29,163,163,518.67,642.85,1590.52,1408.46,14.62,21.61,554.41,2388.04,9055.13,1.3,47.4,521.92,2388.02,8143.8,8.4185,0.03,393.0,2388.0,100.0,39.09,23.3381,518.67,643.98,1598.93,1436.41,14.62,21.61,551.64,2388.23,9042.66,1.3,48.17,519.75,2388.26,8121.38,8.5641,0.03,396.0,2388.0,100.0,38.29,23.0583
30,194,194,518.67,642.18,1587.39,1392.46,14.62,21.61,554.09,2387.99,9065.62,1.3,47.07,522.61,2387.95,8148.76,8.4058,0.03,392.0,2388.0,100.0,39.17,23.3801,518.67,643.34,1604.03,1441.49,14.62,21.61,551.1,2388.32,9050.0,1.3,48.17,519.22,2388.3,8118.21,8.5298,0.03,396.0,2388.0,100.0,38.24,23.1925
31,234,234,518.67,642.32,1582.38,1393.03,14.62,21.61,554.79,2388.05,9058.68,1.3,47.19,522.25,2387.99,8138.73,8.4135,0.03,392.0,2388.0,100.0,39.02,23.4287,518.67,643.5,1599.79,1425.76,14.62,21.61,550.86,2388.34,9042.46,1.3,48.32,519.88,2388.35,8116.96,8.4871,0.03,397.0,2388.0,100.0,38.46,23.0314
32,191,191,518.67,643.03,1588.85,1405.9,14.62,21.61,553.38,2388.17,9047.84,1.3,47.68,521.08,2388.14,8124.43,8.4717,0.03,393.0,2388.0,100.0,38.79,23.3229,518.67,643.35,1605.39,1435.15,14.62,21.61,551.45,2388.18,9089.9,1.3,48.53,519.65,2388.21,8156.17,8.5372,0.03,396.0,2388.0,100.0,38.3,23.1225
33,200,200,518.67,642.24,1584.98,1396.83,14.62,21.61,554.03,2388.01,9057.65,1.3,47.21,522.49,2388.03,8145.03,8.3918,0.03,390.0,2388.0,100.0,38.9,23.5107,518.67,643.93,1605.51,1433.49,14.62,21.61,551.28,2388.23,9050.89,1.3,48.28,519.81,2388.31,8127.7,8.5146,0.03,397.0,2388.0,100.0,38.42,22.9862
34,195,195,518.67,642.44,1586.84,1407.9,14.62,21.61,553.56,2388.07,9058.32,1.3,47.33,521.54,2388.07,8143.4,8.4248,0.03,392.0,2388.0,100.0,38.76,23.242,518.67,643.94,1597.74,1434.09,14.62,21.61,551.46,2388.17,9162.57,1.3,48.33,520.01,2388.14,8230.84,8.5014,0.03,397.0,2388.0,100.0,38.36,22.9984
35,181,181,518.67,642.25,1589.5,1401.87,14.62,21.61,553.94,2388.06,9061.4,1.3,47.45,521.22,2388.05,8138.2,8.4282,0.03,392.0,2388.0,100.0,38.83,23.3682,518.67,643.91,1600.31,1431.5,14.62,21.61,551.16,2388.24,9098.3,1.3,48.08,519.84,2388.25,8166.97,8.5153,0.03,396.0,2388.0,100.0,38.44,23.0205
36,158,158,518.67,642.95,1592.01,1407.56,14.62,21.61,553.39,2388.08,9053.52,1.3,47.29,521.38,2388.09,8140.18,8.4318,0.03,393.0,2388.0,100.0,38.92,23.3887,518.67,643.31,1606.6,1432.33,14.62,21.61,551.7,2388.28,9051.21,1.3,48.26,519.4,2388.31,8124.67,8.5327,0.03,396.0,2388.0,100.0,38.39,22.9915
37,170,170,518.67,642.5,1586.54,1404.33,14.62,21.61,553.48,2388.04,9045.66,1.3,47.35,521.5,2388.09,8127.28,8.4529,0.03,392.0,2388.0,100.0,39.11,23.4308,518.67,643.85,1603.36,1425.87,14.62,21.61,551.28,2388.29,9038.73,1.3,48.4,519.15,2388.27,8116.79,8.5559,0.03,396.0,2388.0,100.0,38.37,23.1615
38,194,194,518.67,642.25,1589.3,1409.25,14.62,21.61,553.83,2388.03,9050.25,1.3,47.49,521.34,2388.1,8122.88,8.4875,0.03,393.0,2388.0,100.0,38.95,23.2628,518.67,643.95,1606.9,1426.16,14.62,21.61,551.67,2388.26,9156.77,1.3,48.52,520.07,2388.16,8217.94,8.5574,0.03,397.0,2388.0,100.0,38.35,23.001
39,128,128,518.67,642.72,1592.37,1410.0,14.62,21.61,552.82,2388.12,9043.49,1.3,47.64,521.78,2388.1,8133.27,8.4451,0.03,392.0,2388.0,100.0,38.9,23.2947,518.67,643.66,1604.19,1428.14,14.62,21.61,550.68,2388.3,9036.1,1.3,48.27,518.83,2388.31,8106.63,8.5148,0.03,395.0,2388.0,100.0,38.5,23.0281
40,188,188,518.67,642.71,1594.14,1412.72,14.62,21.61,552.9,2388.08,9051.76,1.3,47.59,521.25,2388.07,8134.87,8.4417,0.03,394.0,2388.0,100.0,38.61,23.2017,518.67,643.87,1611.92,1432.96,14.62,21.61,551.08,2388.23,9142.42,1.3,48.03,520.33,2388.25,8202.76,8.535,0.03,397.0,2388.0,100.0,38.37,23.1022
41,216,216,518.67,642.66,1581.02,1400.05,14.62,21.61,554.87,2387.99,9064.13,1.3,47.19,522.24,2388.08,8153.35,8.413,0.03,391.0,2388.0,100.0,38.94,23.3608,518.67,643.51,1603.91,1428.74,14.62,21.61,551.53,2388.16,9152.86,1.3,48.34,520.07,2388.17,8214.55,8.4999,0.03,398.0,2388.0,100.0,38.25,23.1237
42,196,196,518.67,642.6,1580.46,1394.47,14.62,21.61,554.81,2388.08,9061.05,1.3,47.38,521.97,2388.03,8144.4,8.4151,0.03,391.0,2388.0,100.0,38.87,23.3795,518.67,643.34,1597.41,1427.68,14.62,21.61,551.04,2388.29,9066.91,1.3,47.97,519.68,2388.26,8133.97,8.5161,0.03,395.0,2388.0,100.0,38.43,22.995
43,207,207,518.67,642.56,1579.64,1392.51,14.62,21.61,554.3,2387.98,9056.32,1.3,47.08,522.02,2388.04,8139.17,8.3782,0.03,393.0,2388.0,100.0,38.84,23.3701,518.67,643.99,1599.57,1427.53,14.62,21.61,550.73,2388.37,9035.0,1.3,48.03,519.37,2388.3,8113.24,8.4916,0.03,397.0,2388.0,100.0,38.44,22.9936
44,192,192,518.67,642.34,1588.01,1399.96,14.62,21.61,554.28,2388.03,9061.49,1.3,47.17,522.14,2388.02,8145.19,8.4232,0.03,391.0,2388.0,100.0,39.06,23.3551,518.67,643.95,1608.5,1438.96,14.62,21.61,552.03,2388.17,9079.75,1.3,48.05,519.87,2388.23,8155.1,8.5266,0.03,396.0,2388.0,100.0,38.39,22.9435
45,158,158,518.67,642.4,1584.27,1403.72,14.62,21.61,554.81,2387.99,9071.34,1.3,47.13,522.49,2387.95,8150.67,8.3918,0.03,391.0,2388.0,100.0,39.15,23.4142,518.67,643.7,1598.55,1437.88,14.62,21.61,551.59,2388.23,9095.15,1.3,48.29,519.83,2388.23,8160.09,8.5497,0.03,396.0,2388.0,100.0,38.22,23.0342
46,256,256,518.67,642.37,1597.38,1391.37,14.62,21.6,553.92,2388.04,9063.04,1.3,47.2,522.42,2388.01,8137.89,8.4154,0.03,391.0,2388.0,100.0,39.13,23.3629,518.67,644.44,1602.57,1433.99,14.62,21.61,550.75,2388.25,9041.98,1.3,48.22,519.48,2388.32,8118.01,8.5052,0.03,397.0,2388.0,100.0,38.38,23.017
47,214,214,518.67,642.27,1581.75,1402.34,14.62,21.61,554.99,2387.98,9059.4,1.3,47.21,522.64,2387.99,8144.86,8.4063,0.03,392.0,2388.0,100.0,39.09,23.2883,518.67,643.5,1602.64,1433.3,14.62,21.61,551.7,2388.21,9107.27,1.3,48.28,519.72,2388.22,8176.36,8.5238,0.03,395.0,2388.0,100.0,38.48,23.1299
48,231,231,518.67,642.39,1576.34,1403.88,14.62,21.61,554.29,2388.01,9062.79,1.3,47.39,521.98,2388.02,8148.9,8.4149,0.03,391.0,2388.0,100.0,39.01,23.4323,518.67,644.02,1609.54,1435.19,14.62,21.61,551.65,2388.52,9228.53,1.3,47.98,520.53,2388.55,8290.25,8.4923,0.03,398.0,2388.0,100.0,38.45,23.0188
49,215,215,518.67,642.31,1595.57,1401.2,14.62,21.61,553.33,2388.12,9041.44,1.3,47.52,521.72,2388.12,8128.95,8.419,0.03,394.0,2388.0,100.0,38.87,23.3481,518.67,644.2,1593.84,1433.24,14.62,21.61,550.72,2388.26,9058.19,1.3,48.26,519.25,2388.3,8138.39,8.5046,0.03,396.0,2388.0,100.0,38.46,23.0171
50,198,198,518.67,642.12,1582.5,1400.44,14.62,21.61,553.76,2388.05,9057.95,1.3,47.31,521.97,2388.08,8141.04,8.4366,0.03,394.0,2388.0,100.0,38.96,23.3947,518.67,643.83,1608.2,1433.88,14.62,21.61,552.06,2388.2,9128.91,1.3,48.01,520.0,2388.25,8200.2,8.5002,0.03,396.0,2388.0,100.0,38.43,23.1086
51,213,213,518.67,641.83,1583.55,1408.68,14.62,21.61,553.56,2387.98,9065.98,1.3,47.25,521.79,2387.99,8149.56,8.3884,0.03,391.0,2388.0,100.0,39.08,23.3214,518.67,644.11,1606.6,1428.55,14.62,21.61,551.6,2388.56,9244.59,1.3,47.89,520.2,2388.54,8293.72,8.5306,0.03,397.0,2388.0,100.0,38.39,23.0958
52,213,213,518.67,642.67,1587.47,1405.02,14.62,21.61,553.94,2388.11,9049.17,1.3,47.5,521.23,2388.08,8130.94,8.3885,0.03,394.0,2388.0,100.0,38.77,23.3636,518.67,643.67,1601.99,1436.34,14.62,21.61,552.28,2388.18,9119.4,1.3,48.18,519.23,2388.21,8181.73,8.5159,0.03,397.0,2388.0,100.0,38.35,23.015
53,195,195,518.67,642.33,1589.39,1407.73,14.62,21.61,554.42,2388.09,9065.54,1.3,47.47,522.14,2388.1,8146.36,8.4451,0.03,392.0,2388.0,100.0,38.91,23.2416,518.67,644.18,1612.63,1423.19,14.62,21.61,552.53,2388.14,9162.47,1.3,48.18,519.68,2388.17,8230.96,8.5196,0.03,396.0,2388.0,100.0,38.32,23.0419
54,257,257,518.67,642.55,1582.13,1395.54,14.62,21.61,554.37,2388.02,9056.97,1.3,47.16,521.64,2388.05,8139.33,8.39,0.03,390.0,2388.0,100.0,39.16,23.3164,518.67,643.8,1601.79,1433.26,14.62,21.61,551.37,2388.16,9155.85,1.3,48.15,519.57,2388.15,8220.23,8.5295,0.03,395.0,2388.0,100.0,38.3,23.05
55,193,193,518.67,642.58,1583.77,1407.45,14.62,21.61,554.39,2388.1,9041.62,1.3,47.39,521.5,2388.1,8133.23,8.4287,0.03,393.0,2388.0,100.0,38.95,23.3957,518.67,644.01,1605.12,1433.56,14.62,21.61,551.8,2388.14,9202.75,1.3,48.19,520.36,2388.16,8257.58,8.531,0.03,397.0,2388.0,100.0,38.49,23.1604
56,275,275,518.67,642.57,1591.56,1405.96,14.62,21.61,553.34,2388.12,9055.81,1.3,47.38,521.93,2388.1,8133.85,8.4444,0.03,391.0,2388.0,100.0,38.75,23.3174,518.67,644.09,1600.47,1427.24,14.62,21.61,551.44,2388.16,9145.5,1.3,48.16,519.87,2388.19,8217.25,8.5243,0.03,396.0,2388.0,100.0,38.27,23.0597
57,137,137,518.67,642.64,1593.48,1402.4,14.62,21.61,553.58,2388.07,9049.3,1.3,47.41,521.82,2388.08,8136.11,8.3973,0.03,391.0,2388.0,100.0,38.96,23.3836,518.67,644.15,1596.45,1432.49,14.62,21.61,550.95,2388.32,9036.5,1.3,48.26,519.07,2388.28,8108.28,8.5533,0.03,394.0,2388.0,100.0,38.24,23.0412
58,147,147,518.67,642.71,1587.27,1405.1,14.62,21.61,553.55,2387.99,9063.94,1.3,47.4,521.98,2388.0,8145.98,8.3982,0.03,391.0,2388.0,100.0,39.03,23.4821,518.67,643.75,1593.77,1438.22,14.62,21.61,551.29,2388.28,9047.79,1.3,48.33,519.77,2388.33,8119.76,8.519,0.03,395.0,2388.0,100.0,38.29,23.185
59,231,231,518.67,642.23,1583.85,1394.9,14.62,21.61,554.96,2388.01,9054.46,1.3,47.12,522.76,2387.99,8138.74,8.4077,0.03,390.0,2388.0,100.0,38.95,23.3631,518.67,643.47,1599.56,1425.87,14.62,21.61,550.88,2388.28,9063.69,1.3,48.14,519.09,2388.24,8141.32,8.5155,0.03,395.0,2388.0,100.0,38.44,23.0258
60,172,172,518.67,642.65,1585.71,1394.7,14.62,21.61,554.13,2388.14,9044.2,1.3,47.69,521.92,2388.11,8135.39,8.4409,0.03,392.0,2388.0,100.0,38.89,23.3721,518.67,643.62,1605.19,1434.09,14.62,21.61,551.21,2388.18,9141.47,1.3,48.04,520.44,2388.22,8205.47,8.5322,0.03,396.0,2388.0,100.0,38.23,22.954
61,185,185,518.67,641.89,1582.05,1399.41,14.62,21.61,554.88,2387.98,9063.7,1.3,47.15,522.36,2388.01,8140.09,8.3703,0.03,391.0,2388.0,100.0,39.27,23.4459,518.67,643.39,1604.83,1426.0,14.62,21.61,551.12,2388.26,9038.93,1.3,48.23,519.82,2388.27,8109.39,8.519,0.03,397.0,2388.0,100.0,38.34,22.984
62,180,180,518.67,642.77,1588.2,1413.2,14.62,21.61,553.04,2388.07,9060.26,1.3,47.55,521.52,2388.1,8140.43,8.4479,0.03,392.0,2388.0,100.0,38.94,23.2366,518.67,643.49,1595.1,1427.51,14.62,21.61,551.09,2388.28,9037.02,1.3,48.16,519.68,2388.31,8123.28,8.5442,0.03,396.0,2388.0,100.0,38.35,23.0042
63,174,174,518.67,642.61,1585.01,1405.59,14.62,21.61,553.95,2388.07,9050.26,1.3,47.38,521.24,2388.09,8137.64,8.395,0.03,392.0,2388.0,100.0,38.98,23.4455,518.67,643.43,1603.87,1424.72,14.62,21.61,551.7,2388.16,9175.01,1.3,48.21,520.16,2388.16,8239.45,8.5265,0.03,397.0,2388.0,100.0,38.31,23.2228
64,283,283,518.67,642.36,1586.12,1408.33,14.62,21.61,553.72,2388.06,9061.0,1.3,47.36,522.38,2388.02,8139.39,8.4304,0.03,393.0,2388.0,100.0,38.91,23.325,518.67,643.88,1605.47,1425.77,14.62,21.61,550.6,2388.17,9111.28,1.3,48.15,519.54,2388.22,8181.59,8.5458,0.03,397.0,2388.0,100.0,38.45,23.1041
65,153,153,518.67,642.2,1586.71,1398.93,14.62,21.61,554.78,2387.93,9055.53,1.3,47.12,522.03,2388.05,8141.36,8.4242,0.03,392.0,2388.0,100.0,39.12,23.4108,518.67,643.95,1592.45,1432.83,14.62,21.61,551.19,2388.28,9030.23,1.3,48.08,519.73,2388.34,8109.49,8.5197,0.03,396.0,2388.0,100.0,38.37,23.1362
66,202,202,518.67,642.5,1589.58,1408.97,14.62,21.61,553.37,2388.08,9055.8,1.3,47.6,521.13,2388.08,8139.28,8.4472,0.03,394.0,2388.0,100.0,38.83,23.2739,518.67,643.88,1607.66,1429.38,14.62,21.61,551.53,2388.23,9071.25,1.3,48.19,519.38,2388.25,8147.9,8.5382,0.03,396.0,2388.0,100.0,38.38,23.1412
67,313,313,518.67,642.52,1583.12,1398.16,14.62,21.61,553.89,2388.09,9062.52,1.3,47.28,521.92,2388.04,8134.47,8.4813,0.03,391.0,2388.0,100.0,39.03,23.3564,518.67,643.57,1599.78,1424.96,14.62,21.61,551.3,2388.29,9074.14,1.3,48.28,520.29,2388.21,8146.04,8.5668,0.03,397.0,2388.0,100.0,38.45,23.1288
68,199,199,518.67,642.25,1589.89,1408.15,14.62,21.61,553.31,2388.07,9065.09,1.3,47.29,521.73,2388.11,8141.65,8.4583,0.03,394.0,2388.0,100.0,38.71,23.3029,518.67,643.88,1609.59,1430.17,14.62,21.61,551.47,2388.2,9158.41,1.3,48.16,519.72,2388.14,8226.34,8.5196,0.03,395.0,2388.0,100.0,38.4,23.0888
69,362,362,518.67,641.96,1587.1,1400.65,14.62,21.61,553.68,2388.0,9054.19,1.3,47.34,522.03,2388.03,8136.88,8.4094,0.03,392.0,2388.0,100.0,38.87,23.4081,518.67,643.75,1598.16,1428.28,14.62,21.61,551.55,2388.31,9054.19,1.3,48.02,519.12,2388.33,8124.27,8.5126,0.03,397.0,2388.0,100.0,38.42,22.9782
70,137,137,518.67,642.26,1588.45,1400.02,14.62,21.61,552.94,2388.09,9065.41,1.3,47.61,521.18,2388.07,8138.06,8.43,0.03,392.0,2388.0,100.0,38.81,23.418,518.67,643.39,1602.76,1434.81,14.62,21.61,551.64,2388.17,9106.12,1.3,48.16,519.6,2388.25,8173.73,8.5312,0.03,396.0,2388.0,100.0,38.49,23.1398
71,208,208,518.67,642.64,1581.95,1407.04,14.62,21.61,553.56,2388.11,9042.7,1.3,47.44,521.9,2388.13,8126.82,8.4372,0.03,391.0,2388.0,100.0,38.99,23.2399,518.67,643.57,1599.94,1437.81,14.62,21.61,551.45,2388.18,9153.73,1.3,48.02,520.04,2388.19,8225.07,8.5197,0.03,397.0,2388.0,100.0,38.25,22.9967
72,213,213,518.67,642.76,1581.27,1397.98,14.62,21.61,554.28,2388.09,9051.07,1.3,47.44,522.4,2388.1,8138.35,8.4426,0.03,392.0,2388.0,100.0,38.91,23.3684,518.67,643.91,1597.72,1427.84,14.62,21.61,550.89,2388.32,9033.07,1.3,48.17,519.48,2388.36,8103.27,8.5519,0.03,395.0,2388.0,100.0,38.46,23.1649
73,213,213,518.67,642.84,1591.37,1408.94,14.62,21.61,553.29,2388.15,9042.35,1.3,47.46,521.26,2388.11,8122.12,8.4092,0.03,394.0,2388.0,100.0,38.72,23.2402,518.67,643.54,1599.16,1428.84,14.62,21.61,551.62,2388.28,9041.6,1.3,48.12,519.7,2388.35,8114.48,8.5434,0.03,396.0,2388.0,100.0,38.54,23.0257
74,166,166,518.67,642.31,1580.43,1400.18,14.62,21.61,554.02,2388.0,9067.46,1.3,47.21,522.55,2388.0,8148.06,8.379,0.03,391.0,2388.0,100.0,39.11,23.405,518.67,643.29,1604.39,1431.14,14.62,21.61,550.35,2388.3,9056.35,1.3,48.07,519.52,2388.25,8123.87,8.5309,0.03,398.0,2388.0,100.0,38.36,22.9906
75,229,229,518.67,642.1,1590.06,1404.45,14.62,21.61,553.69,2388.1,9045.13,1.3,47.64,521.34,2388.06,8122.59,8.4538,0.03,392.0,2388.0,100.0,38.98,23.2272,518.67,643.7,1600.8,1433.1,14.62,21.61,552.04,2388.31,9026.08,1.3,48.22,519.51,2388.3,8104.78,8.5097,0.03,395.0,2388.0,100.0,38.57,23.0341
76,210,210,518.67,642.66,1585.01,1411.33,14.62,21.61,554.11,2388.12,9054.53,1.3,47.5,521.51,2388.1,8128.52,8.4346,0.03,393.0,2388.0,100.0,38.75,23.3154,518.67,643.67,1598.61,1432.07,14.62,21.61,550.94,2388.27,9056.85,1.3,48.24,519.41,2388.28,8131.33,8.5253,0.03,396.0,2388.0,100.0,38.5,23.0671
77,154,154,518.67,642.62,1591.75,1411.32,14.62,21.61,553.71,2388.07,9052.57,1.3,47.55,521.45,2388.1,8126.56,8.4655,0.03,392.0,2388.0,100.0,38.92,23.2762,518.67,643.49,1601.95,1423.58,14.62,21.61,551.86,2388.27,9074.92,1.3,48.08,519.38,2388.24,8148.51,8.5105,0.03,399.0,2388.0,100.0,38.29,23.0154
78,231,231,518.67,642.0,1587.5,1395.1,14.62,21.61,554.76,2388.02,9055.79,1.3,47.0,522.48,2387.96,8139.23,8.3303,0.03,392.0,2388.0,100.0,39.26,23.4923,518.67,643.23,1596.6,1428.33,14.62,21.61,551.6,2388.24,9090.13,1.3,48.22,519.11,2388.21,8160.8,8.5254,0.03,396.0,2388.0,100.0,38.25,23.126
79,199,199,518.67,642.22,1581.77,1392.78,14.62,21.61,554.44,2387.95,9055.37,1.3,47.1,522.54,2388.05,8139.5,8.3795,0.03,391.0,2388.0,100.0,39.02,23.526,518.67,643.57,1598.35,1436.93,14.62,21.61,551.0,2388.26,9095.97,1.3,48.2,519.62,2388.21,8165.3,8.5273,0.03,397.0,2388.0,100.0,38.4,23.1076
80,185,185,518.67,642.66,1588.3,1392.25,14.62,21.61,553.3,2388.17,9052.54,1.3,47.44,521.76,2388.13,8130.23,8.4377,0.03,393.0,2388.0,100.0,38.66,23.2146,518.67,643.88,1606.38,1421.41,14.62,21.61,551.55,2388.22,9170.57,1.3,48.05,520.0,2388.18,8229.73,8.525,0.03,397.0,2388.0,100.0,38.35,23.0323
81,240,240,518.67,642.04,1589.91,1406.63,14.62,21.61,553.78,2388.1,9060.49,1.3,47.53,522.09,2388.04,8134.78,8.4455,0.03,391.0,2388.0,100.0,38.87,23.3365,518.67,644.01,1601.01,1423.61,14.62,21.61,550.75,2388.28,9061.24,1.3,48.12,519.48,2388.22,8129.61,8.4922,0.03,397.0,2388.0,100.0,38.37,23.0289
82,214,214,518.67,641.73,1582.64,1401.58,14.62,21.61,555.37,2387.98,9064.54,1.3,47.09,522.39,2387.99,8148.75,8.383,0.03,391.0,2388.0,100.0,38.84,23.4584,518.67,643.73,1601.66,1427.73,14.62,21.61,551.57,2388.16,9215.59,1.3,48.3,520.01,2388.16,8267.9,8.5222,0.03,399.0,2388.0,100.0,38.56,23.0292
83,293,293,518.67,642.14,1581.34,1392.65,14.62,21.61,554.79,2388.06,9057.43,1.3,47.14,522.26,2388.03,8148.42,8.3915,0.03,391.0,2388.0,100.0,39.13,23.3768,518.67,643.77,1605.59,1430.64,14.62,21.61,551.68,2388.25,9045.98,1.3,48.21,519.45,2388.31,8115.28,8.5123,0.03,397.0,2388.0,100.0,38.42,22.9926
84,267,267,518.67,643.21,1582.28,1411.05,14.62,21.61,552.34,2388.13,9047.16,1.3,47.7,521.74,2388.17,8126.26,8.4379,0.03,393.0,2388.0,100.0,38.69,23.2347,518.67,643.68,1606.08,1430.13,14.62,21.61,550.64,2388.25,9079.24,1.3,48.17,519.77,2388.23,8149.66,8.5367,0.03,396.0,2388.0,100.0,38.49,23.1018
85,188,188,518.67,642.31,1580.41,1404.26,14.62,21.61,553.92,2388.09,9047.33,1.3,47.31,522.02,2388.05,8131.67,8.3863,0.03,393.0,2388.0,100.0,38.95,23.3332,518.67,643.64,1603.1,1434.88,14.62,21.61,551.23,2388.28,9050.97,1.3,48.17,519.61,2388.3,8124.14,8.4977,0.03,396.0,2388.0,100.0,38.61,22.9752
86,278,278,518.67,643.06,1593.71,1408.42,14.62,21.61,554.35,2388.05,9060.64,1.3,47.35,522.38,2388.09,8136.32,8.4239,0.03,392.0,2388.0,100.0,38.82,23.4096,518.67,643.15,1600.16,1425.47,14.62,21.61,551.62,2388.23,9078.73,1.3,48.16,519.63,2388.22,8151.89,8.4919,0.03,398.0,2388.0,100.0,38.51,22.9947
87,178,178,518.67,642.67,1595.33,1404.23,14.62,21.61,554.29,2388.04,9060.45,1.3,47.36,522.07,2388.01,8143.6,8.4386,0.03,396.0,2388.0,100.0,38.87,23.3231,518.67,643.44,1597.69,1433.25,14.62,21.61,551.24,2388.32,9050.62,1.3,48.11,519.79,2388.31,8121.08,8.5082,0.03,397.0,2388.0,100.0,38.61,23.074
88,213,213,518.67,642.31,1573.02,1404.47,14.62,21.6,554.38,2388.03,9059.25,1.3,47.33,521.84,2388.0,8146.05,8.412,0.03,393.0,2388.0,100.0,39.12,23.3496,518.67,643.65,1602.86,1431.92,14.62,21.61,551.76,2388.13,9149.8,1.3,48.4,519.95,2388.19,8212.51,8.5067,0.03,397.0,2388.0,100.0,38.45,22.9829
89,217,217,518.67,642.47,1582.56,1402.93,14.62,21.6,554.62,2388.07,9042.07,1.3,46.97,522.18,2388.03,8128.4,8.4249,0.03,391.0,2388.0,100.0,38.93,23.384,518.67,643.18,1603.61,1431.32,14.62,21.61,551.03,2388.17,9081.82,1.3,48.39,519.86,2388.22,8154.8,8.4936,0.03,397.0,2388.0,100.0,38.19,23.09
90,154,154,518.67,642.34,1584.51,1394.55,14.62,21.61,553.98,2388.08,9056.25,1.3,47.06,521.98,2388.01,8139.65,8.4261,0.03,392.0,2388.0,100.0,39.07,23.4068,518.67,643.6,1598.79,1434.02,14.62,21.61,550.77,2388.32,9032.34,1.3,48.4,519.31,2388.34,8110.86,8.5637,0.03,395.0,2388.0,100.0,38.44,23.0727
91,135,135,518.67,643.41,1587.82,1411.03,14.62,21.61,554.53,2388.08,9054.59,1.3,47.69,521.44,2388.11,8134.25,8.4351,0.03,393.0,2388.0,100.0,38.77,23.286,518.67,644.04,1607.23,1432.29,14.62,21.61,550.69,2388.27,9047.27,1.3,48.31,519.06,2388.26,8115.44,8.5228,0.03,396.0,2388.0,100.0,38.53,23.0902
92,341,341,518.67,642.22,1591.86,1401.89,14.62,21.61,553.48,2388.1,9057.74,1.3,47.44,521.81,2388.09,8136.55,8.3948,0.03,392.0,2388.0,100.0,38.87,23.4047,518.67,644.04,1607.05,1428.06,14.62,21.61,551.34,2388.23,9143.56,1.3,48.01,519.83,2388.15,8201.66,8.5403,0.03,397.0,2388.0,100.0,38.26,23.0719
93,155,155,518.67,642.51,1579.7,1402.95,14.62,21.61,554.54,2388.07,9060.7,1.3,47.13,522.42,2388.03,8139.06,8.4373,0.03,391.0,2388.0,100.0,39.03,23.3501,518.67,643.45,1603.62,1428.64,14.62,21.61,550.75,2388.21,9068.93,1.3,48.2,519.35,2388.26,8137.0,8.488,0.03,396.0,2388.0,100.0,38.44,23.1179
94,258,258,518.67,642.44,1590.79,1412.71,14.62,21.61,554.09,2388.11,9050.18,1.3,47.6,521.1,2388.13,8120.76,8.431,0.03,393.0,2388.0,100.0,38.82,23.3856,518.67,644.07,1600.69,1425.25,14.62,21.61,551.27,2388.15,9153.46,1.3,48.26,519.74,2388.19,8217.94,8.5335,0.03,396.0,2388.0,100.0,38.3,22.9862
95,283,283,518.67,641.95,1581.56,1387.38,14.62,21.6,555.01,2387.92,9074.19,1.3,47.2,522.74,2387.93,8153.89,8.3884,0.03,393.0,2388.0,100.0,38.98,23.4483,518.67,643.43,1609.16,1430.97,14.62,21.61,551.48,2388.21,9120.46,1.3,48.16,519.27,2388.2,8183.58,8.5648,0.03,396.0,2388.0,100.0,38.37,23.1041
96,336,336,518.67,642.03,1579.12,1404.22,14.62,21.61,554.92,2388.11,9046.49,1.3,47.41,522.26,2388.06,8133.36,8.4293,0.03,392.0,2388.0,100.0,38.82,23.4178,518.67,643.74,1599.2,1432.12,14.62,21.61,550.78,2388.28,9075.64,1.3,48.17,519.18,2388.24,8144.03,8.5022,0.03,397.0,2388.0,100.0,38.36,23.0258
97,202,202,518.67,642.01,1581.83,1395.4,14.62,21.61,554.31,2388.04,9044.3,1.3,47.21,522.34,2388.05,8130.81,8.4027,0.03,391.0,2388.0,100.0,38.94,23.3732,518.67,643.79,1610.66,1427.41,14.62,21.61,551.55,2388.15,9208.02,1.3,47.94,519.91,2388.15,8263.63,8.5277,0.03,397.0,2388.0,100.0,38.29,23.1184
98,156,156,518.67,642.3,1580.93,1404.55,14.62,21.61,554.16,2388.0,9073.83,1.3,47.25,522.3,2387.97,8150.69,8.3792,0.03,392.0,2388.0,100.0,39.01,23.4547,518.67,643.02,1603.77,1432.16,14.62,21.61,551.52,2388.24,9058.54,1.3,48.29,519.55,2388.26,8122.22,8.5308,0.03,396.0,2388.0,100.0,38.33,23.1137
99,185,185,518.67,641.69,1586.17,1391.14,14.62,21.61,554.09,2388.03,9064.32,1.3,47.41,522.65,2388.06,8131.23,8.4038,0.03,391.0,2388.0,100.0,39.01,23.4007,518.67,643.93,1598.42,1421.56,14.62,21.61,550.64,2388.29,9050.61,1.3,48.29,519.99,2388.24,8127.53,8.5425,0.03,397.0,2388.0,100.0,38.49,23.1931
100,200,200,518.67,642.25,1596.57,1404.52,14.62,21.61,553.99,2388.07,9055.97,1.3,47.36,522.13,2388.14,8146.76,8.4177,0.03,393.0,2388.0,100.0,38.72,23.3899,518.67,643.85,1600.38,1432.14,14.62,21.61,550.79,2388.26,9061.48,1.3,48.2,519.3,2388.26,8137.33,8.5036,0.03,396.0,2388.0,100.0,38.37,23.0522
